{"cameraMode":{"drawMode":0,"name":"Shaded","section":"Shading Mode"},"sceneLighting":true,"audioPlay":false,"sceneViewState":{"showFog":true,"showMaterialUpdate":false,"showSkybox":true,"showFlares":true,"showImageEffects":true,"showParticleSystems":true},"in2DMode":false,"pivot":{"x":11.42985725402832,"y":5.924956321716309,"z":-5.241566181182861},"rotation":{"x":-0.07801520824432373,"y":0.07380274683237076,"z":-0.0057912892661988739,"w":-0.9941998720169067},"size":3.9981677532196047,"orthographic":false}